word,entropy
raise,5.878303
slate,5.855819
crate,5.835216
irate,5.832799
trace,5.830429
arise,5.821023
stare,5.806889
snare,5.768678
arose,5.767805
least,5.751562
alert,5.744211
crane,5.741011
stale,5.738264
saner,5.733999
alter,5.713372
later,5.707287
react,5.696507
trade,5.683921
leant,5.683771
learn,5.652071
roast,5.648431
cater,5.648078
aisle,5.635642
trice,5.634291
parse,5.630156
scare,5.628409
saute,5.622136
heart,5.612256
alone,5.611282
store,5.610714
alien,5.607061
share,5.605483
grate,5.604721
trail,5.593027
siren,5.583846
snore,5.577480
caste,5.571255
scale,5.563911
atone,5.557454
dealt,5.556164
train,5.552930
renal,5.552879
plate,5.549895
spare,5.549571
clear,5.547451
rinse,5.546185
trial,5.538017
solar,5.536945
teary,5.535467
shale,5.534501
glare,5.530269
pearl,5.526194
stole,5.520215
lance,5.517859
stair,5.517321
sonar,5.516082
canoe,5.514716
tenor,5.512274
crone,5.511593
slice,5.511095
taper,5.510731
saint,5.509539
route,5.500778
slant,5.492894
tread,5.492115
cleat,5.489423
hater,5.486107
blare,5.486044
tried,5.481493
steal,5.480911
rouse,5.473861
plane,5.469477
paler,5.465494
loser,5.465313
suite,5.461338
tripe,5.460259
crest,5.460208
shear,5.455431
great,5.452073
sauce,5.450700
shire,5.446800
large,5.444681
tamer,5.443270
stone,5.437915
noise,5.437554
adore,5.434851
lapse,5.430418
score,5.430138
trope,5.429283
close,5.427638
table,5.424745
paste,5.423385
horse,5.422080
shore,5.420950
truce,5.417394
leapt,5.417108
earth,5.415428
grace,5.414855
risen,5.414604
cause,5.410047
aider,5.401912
liner,5.401810
drone,5.398304
haste,5.397508
lathe,5.396171
carol,5.390655
prose,5.389757
yeast,5.388287
brace,5.388203
coast,5.385023
clone,5.382912
snarl,5.382805
slain,5.382028
spear,5.381130
place,5.379100
prone,5.374788
flare,5.373355
beast,5.372571
realm,5.372179
spire,5.371720
satin,5.367210
cadet,5.366649
pleat,5.366594
range,5.366516
cairn,5.366075
panel,5.365459
meant,5.364454
layer,5.361033
plier,5.359926
leash,5.359286
drape,5.357989
stern,5.357984
louse,5.356283
urine,5.353590
yearn,5.352975
ratio,5.351355
coral,5.349398
tonal,5.348307
slide,5.347686
snort,5.347268
tribe,5.343810
resin,5.342353
arson,5.341245
since,5.340503
inert,5.339379
clean,5.339066
spore,5.338415
lager,5.336684
talon,5.335676
snail,5.335183
curse,5.335018
cedar,5.334609
triad,5.333486
baler,5.332517
salon,5.332514
caper,5.330958
their,5.329056
stage,5.326713
petal,5.324753
enact,5.323893
inlet,5.322781
cruel,5.318054
early,5.317581
trash,5.317500
price,5.317383
smear,5.316397
nurse,5.314949
laden,5.314855
poise,5.314726
merit,5.310416
islet,5.305513
inter,5.305468
tease,5.304916
baste,5.304691
relay,5.304386
spite,5.301199
space,5.298102
ramen,5.297077
onset,5.296696
heist,5.296132
reach,5.292868
those,5.292456
dance,5.292143
safer,5.292102
cried,5.291803
tapir,5.290560
erase,5.290078
slope,5.289572
sedan,5.285652
pause,5.284753
feast,5.284334
outer,5.283972
chase,5.283210
peril,5.279774
haute,5.278799
stein,5.278120
utile,5.278016
stain,5.276000
tilde,5.275795
slime,5.274970
grade,5.274357
shine,5.272087
spiel,5.270483
shalt,5.270149
agile,5.268850
false,5.268453
hotel,5.266942
chore,5.260915
regal,5.260572
trend,5.260065
eclat,5.259340
water,5.258735
penal,5.258590
farce,5.258262
poser,5.257490
shone,5.257052
brine,5.254980
teach,5.254432
anode,5.253773
plait,5.253212
heard,5.252433
scone,5.252031
cable,5.251872
timer,5.250122
borne,5.249578
afire,5.248637
lease,5.247558
taker,5.247528
grape,5.247310
droit,5.246960
drain,5.246618
satyr,5.246280
metal,5.244663
smart,5.243259
grant,5.242673
tiger,5.241763
write,5.241178
acute,5.236593
delta,5.235866
polar,5.235743
diner,5.234164
bleat,5.232640
smile,5.230828
skate,5.229919
smite,5.229032
forte,5.227466
crime,5.227406
wrote,5.219826
elate,5.219128
artsy,5.218203
actor,5.216654
argue,5.216576
remit,5.215449
terse,5.214255
camel,5.213509
scant,5.211769
cutie,5.210755
sober,5.209852
shade,5.207999
slept,5.203282
motel,5.202262
grail,5.200498
chart,5.200347
purse,5.198383
stead,5.197394
spine,5.192207
aside,5.191857
phase,5.191584
cream,5.191287
feral,5.190563
anger,5.189321
smote,5.189315
snide,5.189179
paint,5.185386
shape,5.185134
short,5.183384
nicer,5.182719
plant,5.181170
cheat,5.180961
angle,5.180825
anime,5.178222
alike,5.177814
snipe,5.177014
older,5.176441
leach,5.176161
worse,5.175021
loath,5.174982
lithe,5.174632
waste,5.173990
court,5.171908
spelt,5.171691
shirt,5.171477
miser,5.170525
heron,5.170368
prune,5.168966
swear,5.168457
rainy,5.167821
unite,5.167526
payer,5.167078
pride,5.165283
eater,5.165087
goner,5.164989
crept,5.164582
pried,5.164418
ripen,5.164363
crave,5.163205
relic,5.163128
salty,5.161052
stake,5.159315
death,5.158971
molar,5.156727
glade,5.155880
cider,5.155727
acorn,5.155276
scent,5.153527
stray,5.153169
sepia,5.152826
valet,5.152504
salve,5.150131
brute,5.149159
recut,5.148318
spade,5.146445
lunar,5.144713
beard,5.143826
sleet,5.143216
after,5.142562
boast,5.140526
ready,5.140168
gloat,5.139479
angel,5.137115
chair,5.136667
drake,5.135207
shame,5.134955
swore,5.133159
snake,5.133075
harem,5.132143
carve,5.130888
metro,5.130042
shoal,5.129407
moral,5.128006
recap,5.127658
surge,5.127283
miner,5.126620
print,5.125448
horde,5.124683
grain,5.124147
style,5.122671
royal,5.121777
super,5.121019
blast,5.120062
spice,5.119856
sport,5.117632
unset,5.116422
trove,5.114740
barge,5.114311
blade,5.113406
manor,5.113364
nadir,5.111663
decal,5.110898
glean,5.110895
crust,5.109629
wrest,5.106447
flier,5.105467
cease,5.104938
smelt,5.104821
email,5.104034
maple,5.103992
untie,5.103259
strap,5.101305
groan,5.101197
treat,5.099879
house,5.099505
crash,5.099439
comet,5.099184
reset,5.099084
copse,5.097198
singe,5.096639
bloat,5.095590
rouge,5.095328
roach,5.094484
gruel,5.094376
brain,5.094138
sweat,5.093927
rifle,5.092986
abort,5.092672
steam,5.091718
filet,5.091642
fetal,5.091132
reign,5.089871
agent,5.087045
taken,5.085715
avert,5.085679
rayon,5.085477
crude,5.085411
chose,5.084857
splat,5.084755
spent,5.084719
tidal,5.082976
pulse,5.082213
ulcer,5.081959
prime,5.081368
gayer,5.079610
tower,5.077443
hoist,5.077248
facet,5.075192
opera,5.075133
sower,5.074520
torus,5.073220
skier,5.072251
labor,5.071936
plain,5.071417
staid,5.070872
guile,5.070078
giant,5.069270
trite,5.069027
debar,5.068742
cameo,5.068125
dream,5.067972
alive,5.066754
serif,5.064646
ultra,5.064607
stave,5.064440
frame,5.062014
refit,5.059878
olden,5.058773
force,5.058197
idler,5.057742
decor,5.056893
rogue,5.055967
credo,5.055226
radio,5.054419
erupt,5.052472
frail,5.050895
bread,5.049981
adorn,5.049962
plied,5.048917
baron,5.048518
bathe,5.048500
pedal,5.048469
repay,5.048438
amuse,5.048229
thorn,5.047635
other,5.047599
gripe,5.046980
flair,5.046368
raven,5.043240
sloth,5.040517
hoard,5.038622
pecan,5.036706
gamer,5.036513
bride,5.036393
elite,5.036028
shied,5.033982
ocean,5.033649
mealy,5.031668
stand,5.031583
mouse,5.030692
eaten,5.030343
filer,5.030305
craft,5.030106
easel,5.029692
dirge,5.029339
trawl,5.028676
rivet,5.028149
boule,5.027443
apron,5.027406
retch,5.026646
grope,5.026425
moist,5.025482
snout,5.024989
dairy,5.024380
tuber,5.024327
latte,5.022903
towel,5.021677
matey,5.020343
story,5.020038
opine,5.019594
creak,5.019343
blame,5.019035
point,5.018935
ideal,5.017782
shorn,5.017398
spilt,5.017126
guise,5.016455
chant,5.016103
scorn,5.016076
plead,5.015535
meaty,5.015237
ashen,5.013026
waist,5.012560
noble,5.012318
delay,5.011761
ounce,5.010797
pesto,5.010491
state,5.009212
steer,5.007728
tense,5.007705
diary,5.005589
bluer,5.004524
party,5.004063
tardy,5.000345
terra,5.000048
ankle,4.998007
clout,4.997731
solid,4.997202
grime,4.995226
pilot,4.994284
taste,4.993831
brake,4.992553
shard,4.992198
daunt,4.991136
scary,4.990889
probe,4.990473
broil,4.986344
twine,4.985795
ascot,4.985136
sugar,4.984285
swine,4.983964
serum,4.983713
hairy,4.983165
wiser,4.981851
scope,4.981643
cigar,4.980379
clash,4.977191
float,4.977066
reuse,4.976953
nosey,4.976311
trait,4.975379
weary,4.975199
finer,4.975129
naive,4.974876
whale,4.974501
posit,4.974150
choir,4.973243
voter,4.972920
abuse,4.972121
ranch,4.971272
savor,4.969629
frost,4.967325
medal,4.966702
patio,4.966420
faint,4.965914
sneer,4.965676
octal,4.964970
intro,4.964774
organ,4.962104
lower,4.961898
count,4.961058
chest,4.960811
ovate,4.960758
north,4.960734
solve,4.960155
shake,4.959686
phone,4.959278
slang,4.957642
torch,4.956886
prude,4.956521
orbit,4.956159
spied,4.955775
scree,4.955510
haunt,4.954336
clued,4.953925
ridge,4.953315
rebut,4.953132
clasp,4.951830
ample,4.951237
scour,4.949815
strip,4.949302
entry,4.947715
melon,4.947480
wrist,4.947396
steel,4.947334
three,4.945810
cargo,4.945547
glide,4.944600
split,4.942431
groin,4.942168
bagel,4.942019
crony,4.940477
worst,4.939588
stark,4.938298
craze,4.938293
irony,4.937719
stoke,4.937692
front,4.937661
steak,4.935593
piano,4.935243
mince,4.935197
grout,4.933895
board,4.933732
peach,4.933111
sharp,4.932420
homer,4.932218
spoil,4.931935
guest,4.930409
grave,4.928092
tarot,4.927904
first,4.927573
basil,4.927521
marsh,4.927079
aloft,4.926641
setup,4.926057
chute,4.925787
coupe,4.924991
daily,4.924070
baton,4.923688
suave,4.922307
mange,4.921482
model,4.920663
flirt,4.920168
fried,4.919598
track,4.918854
adept,4.917918
scaly,4.917251
deity,4.916760
truly,4.916077
tonic,4.915773
acrid,4.915216
uncle,4.914237
align,4.911672
tramp,4.911393
flame,4.909516
scald,4.908793
lemur,4.907741
corny,4.907107
arena,4.907088
curio,4.907034
sonic,4.907011
braid,4.906592
scrap,4.906106
token,4.905766
upset,4.905000
lemon,4.903975
depot,4.903866
berth,4.903520
sneak,4.903241
draft,4.902570
scion,4.901977
daisy,4.901801
minor,4.900737
twice,4.900376
sinew,4.900274
cower,4.900006
chain,4.898979
navel,4.898776
grand,4.898214
claim,4.898013
plaid,4.896980
broad,4.896030
lover,4.895146
begat,4.894557
storm,4.894280
abide,4.893573
brave,4.893483
flute,4.892997
nasty,4.892383
latch,4.890983
title,4.890589
mural,4.890051
valor,4.889384
there,4.889170
rapid,4.887023
tango,4.886163
spurt,4.886015
mayor,4.885260
antic,4.884227
spray,4.884193
audit,4.884058
rhino,4.883070
sadly,4.882337
inept,4.881242
croak,4.880669
lodge,4.879421
adult,4.879186
crisp,4.878566
usage,4.878268
mason,4.878243
stoic,4.878143
oaken,4.877583
abled,4.877487
value,4.876720
brash,4.876681
soapy,4.875621
flora,4.875267
spree,4.873659
gaunt,4.873634
greet,4.873219
erect,4.872968
wager,4.872883
macro,4.872001
edict,4.871866
foist,4.871425
skirt,4.870751
fecal,4.870340
abode,4.867953
agree,4.866890
angst,4.866341
fable,4.865926
grasp,4.865878
today,4.865685
liver,4.865467
ralph,4.865325
brand,4.865288
stony,4.864655
south,4.864547
shave,4.863772
along,4.862434
scout,4.862410
amber,4.861624
dunce,4.860623
under,4.860278
tepid,4.860201
cagey,4.859438
scalp,4.858842
glint,4.858552
crawl,4.857327
carat,4.857268
stalk,4.855892
straw,4.855615
verso,4.853905
amble,4.851187
shout,4.851174
poesy,4.851009
surly,4.850228
aloud,4.849443
third,4.846993
chard,4.845118
tonga,4.844801
peace,4.844220
tiara,4.843459
beret,4.841985
cobra,4.841593
lunge,4.841107
piney,4.841057
scram,4.840446
noisy,4.840199
crier,4.839574
adobe,4.839507
honey,4.839492
unlit,4.838501
reply,4.838179
stove,4.838177
chide,4.837759
loose,4.837399
altar,4.837397
round,4.837188
tumor,4.837042
patsy,4.835735
randy,4.834884
fault,4.833720
gaily,4.833302
racer,4.833102
cloth,4.832680
crank,4.832247
piety,4.831073
drive,4.831047
weird,4.830789
moult,4.830653
rehab,4.830153
basin,4.829881
palsy,4.829794
covet,4.829478
maker,4.828504
deter,4.828401
purge,4.826170
sheer,4.825879
parer,4.825677
wrath,4.824615
eagle,4.823562
image,4.823458
burst,4.822774
saucy,4.822211
forge,4.821560
start,4.820836
cover,4.820650
tract,4.820289
erode,4.819862
liken,4.819648
perch,4.819240
chaos,4.819141
halve,4.818869
sheet,4.815856
truer,4.815673
guilt,4.815373
wheat,4.815340
lurid,4.814796
drove,4.814199
enter,4.813109
toast,4.812047
slurp,4.811700
grunt,4.810387
debit,4.810076
gleam,4.809303
overt,4.807920
grief,4.807465
lumen,4.806717
owner,4.806474
leafy,4.805725
voice,4.805342
robin,4.805121
felon,4.804387
clove,4.803800
olive,4.803758
blurt,4.803529
shrew,4.803241
chafe,4.802949
viral,4.802924
caput,4.802861
threw,4.802657
fruit,4.802364
graft,4.801540
screw,4.800175
baker,4.799370
cleft,4.798723
golem,4.798162
twirl,4.798009
amend,4.796868
prove,4.796773
clerk,4.794903
donut,4.794240
raspy,4.794061
rabid,4.793042
riser,4.792150
beach,4.792089
until,4.790850
while,4.790649
brunt,4.789470
corer,4.788962
niche,4.788737
clang,4.788351
preen,4.788225
fairy,4.786967
swirl,4.786912
dirty,4.785971
sandy,4.785799
unmet,4.785750
eager,4.785445
money,4.782531
spout,4.781842
thief,4.780797
decay,4.780393
media,4.780389
broke,4.777130
globe,4.776894
asset,4.776606
shunt,4.775298
built,4.775009
inlay,4.775008
break,4.774795
white,4.774364
knelt,4.774336
aunty,4.774181
pansy,4.772341
stank,4.772193
aorta,4.771832
infer,4.770808
broth,4.769856
yield,4.768894
sperm,4.768414
loamy,4.767836
whole,4.767289
gland,4.766568
cheap,4.765590
fresh,4.764893
mourn,4.764744
tubal,4.764582
biome,4.764164
leaky,4.763764
ester,4.763719
bilge,4.763597
wider,4.763115
taint,4.762869
burnt,4.762662
lousy,4.762637
brief,4.762606
power,4.761781
retro,4.761604
hinge,4.761239
nerdy,4.760947
deign,4.760342
pasty,4.760004
habit,4.759709
chime,4.759570
sound,4.759315
china,4.759237
surer,4.759188
stork,4.758859
foyer,4.758207
wince,4.757736
cabin,4.755961
exalt,4.755336
usher,4.755303
boney,4.753907
pinto,4.752391
relax,4.751602
poker,4.750322
warty,4.750189
slack,4.746895
panic,4.745657
rival,4.745086
sleep,4.743392
horny,4.743293
sling,4.742690
puree,4.742475
shark,4.741956
drawl,4.741537
novel,4.741269
ladle,4.740915
modal,4.740733
whose,4.740475
drank,4.740414
march,4.740305
croup,4.738059
heady,4.737805
mount,4.737566
flake,4.737238
meter,4.736504
adopt,4.735951
foray,4.735776
these,4.735201
final,4.734803
urban,4.734712
mercy,4.733909
guard,4.732374
hyena,4.731775
often,4.731368
mirth,4.731096
roost,4.729846
began,4.729008
genre,4.727940
decry,4.727803
dowel,4.726276
hasty,4.726088
flint,4.725811
fiery,4.725744
login,4.725607
glory,4.725421
rusty,4.725317
demur,4.725244
repel,4.725206
aptly,4.724543
drier,4.723389
scarf,4.722928
gavel,4.721835
prank,4.720738
creed,4.720687
cramp,4.720390
scold,4.720074
faith,4.719302
spend,4.719003
inane,4.718147
sworn,4.717254
spike,4.716984
guide,4.716934
wafer,4.716749
plume,4.716734
charm,4.716685
trick,4.716631
girth,4.715563
bland,4.714776
rebus,4.714380
niece,4.713048
tulip,4.712617
cloak,4.712424
dense,4.712036
crush,4.711163
troll,4.711045
shaft,4.710624
flyer,4.708485
elect,4.707809
vault,4.707099
elide,4.707019
grove,4.706420
crepe,4.705520
could,4.705061
spurn,4.704432
tangy,4.702847
curve,4.702417
scene,4.701715
azure,4.701183
graze,4.700972
ombre,4.700466
salvo,4.698714
noose,4.697967
gonad,4.697182
drift,4.696789
vital,4.695652
rearm,4.695621
leper,4.694848
dicey,4.694393
whine,4.692932
manly,4.691997
badge,4.691180
drawn,4.690616
haven,4.690324
green,4.689000
otter,4.688206
bacon,4.688029
allot,4.687466
sheen,4.687028
elfin,4.686029
about,4.685291
birth,4.683538
freak,4.683398
clank,4.683015
prism,4.680891
demon,4.680577
denim,4.680434
total,4.680070
gnome,4.679314
elder,4.678694
mower,4.677867
diver,4.676724
amity,4.676670
chord,4.676084
hover,4.675883
tunic,4.675047
froth,4.675020
flour,4.674214
tulle,4.673269
siege,4.673127
spoke,4.672847
curly,4.672339
proud,4.672024
spark,4.671744
hotly,4.671479
speak,4.670770
coven,4.670048
micro,4.669521
ethos,4.668326
blend,4.667319
ovine,4.665940
patch,4.665320
algae,4.664541
creep,4.663828
dwelt,4.662506
elope,4.662351
leery,4.660633
topic,4.660149
girly,4.659925
slink,4.659688
aware,4.659541
grind,4.659482
angry,4.659229
vicar,4.657661
gnash,4.657433
cloud,4.657330
stall,4.656081
slimy,4.655940
field,4.655832
shove,4.655538
fiber,4.653452
agate,4.653318
prawn,4.653050
binge,4.653035
torso,4.652909
shiny,4.652881
visor,4.652705
buyer,4.652072
manic,4.652058
tempo,4.651487
beady,4.651101
neigh,4.650539
flash,4.650084
voila,4.649917
wreak,4.649224
hardy,4.649033
incur,4.647996
touch,4.646620
rupee,4.646227
turbo,4.646174
creme,4.645656
impel,4.644169
fetid,4.643981
focal,4.643475
porch,4.643130
lapel,4.642202
ghost,4.641846
primo,4.641274
briny,4.639767
dopey,4.638758
wield,4.638348
bloke,4.638312
forth,4.637917
belie,4.637542
cavil,4.636185
apart,4.635809
egret,4.635743
locus,4.635089
swath,4.635043
bison,4.634069
cyber,4.633689
abate,4.632574
steed,4.632478
rebel,4.631754
graph,4.631324
tipsy,4.630584
betel,4.629534
sting,4.629378
cheer,4.628733
stack,4.628157
midst,4.627868
flesh,4.627016
churn,4.625615
alley,4.625145
stamp,4.624800
crypt,4.623530
ruler,4.622796
flout,4.622568
beset,4.622363
blunt,4.621204
vaunt,4.621038
smith,4.618877
harpy,4.618592
throb,4.618521
liege,4.618286
admit,4.617514
hovel,4.617311
fraud,4.615868
shawl,4.614945
right,4.614891
viper,4.614495
eight,4.614092
payee,4.613900
smoke,4.612155
prong,4.611433
piece,4.610881
vapor,4.610026
shelf,4.609072
lyric,4.608958
lurch,4.608029
trunk,4.606616
viola,4.605252
forty,4.604608
welsh,4.604575
genie,4.603934
candy,4.603580
mover,4.603442
lusty,4.603303
basic,4.602744
waver,4.602658
dread,4.602473
rhyme,4.602394
notch,4.602061
debut,4.602003
atoll,4.601470
paper,4.601310
ingot,4.598904
rebar,4.598561
abhor,4.598529
prize,4.598041
masse,4.597794
sheik,4.597725
widen,4.597696
crown,4.597367
swept,4.596370
fleet,4.595990
disco,4.595888
bleak,4.595725
waive,4.595581
gourd,4.595150
shady,4.594403
thank,4.593539
bugle,4.592816
worth,4.592762
steep,4.592425
linen,4.592268
leave,4.591125
audio,4.590284
brawl,4.589917
sprig,4.589022
abase,4.586121
dried,4.585595
snack,4.584798
maybe,4.584298
semen,4.583668
chirp,4.582471
bowel,4.582128
swarm,4.581816
glove,4.581743
shank,4.581742
agony,4.581239
hyper,4.580464
giver,4.580258
natal,4.579434
frond,4.579432
nomad,4.579185
trout,4.578858
decoy,4.578420
world,4.578057
glaze,4.577918
lingo,4.577224
match,4.576678
caulk,4.574864
fetus,4.570836
rider,4.570799
chief,4.570626
plank,4.570232
befit,4.568489
spiny,4.568437
knead,4.567323
unity,4.566550
clamp,4.566472
bulge,4.565755
tawny,4.565699
titan,4.565548
psalm,4.564247
depth,4.564203
sewer,4.563469
rodeo,4.563133
evict,4.562798
serve,4.562329
slick,4.561317
month,4.561023
fiend,4.560450
choke,4.559816
laugh,4.558988
anvil,4.558962
cling,4.557275
extra,4.555006
stink,4.554565
bused,4.553113
thyme,4.551927
sight,4.551738
child,4.551482
devil,4.549764
being,4.549306
stilt,4.549296
maize,4.549220
chasm,4.549176
movie,4.548899
sumac,4.548881
synod,4.548810
tacit,4.548632
verse,4.547367
ardor,4.546852
lefty,4.545565
exact,4.545151
suing,4.544697
shirk,4.544041
canal,4.543635
hazel,4.543329
crass,4.543108
gazer,4.542959
label,4.541009
begin,4.540639
epoch,4.540427
bicep,4.539171
rough,4.539062
taunt,4.538210
utter,4.537052
sword,4.536149
rerun,4.536059
ethic,4.536013
ether,4.535012
awoke,4.533701
sweet,4.533590
mauve,4.533280
vista,4.532667
riper,4.532041
slung,4.530837
rural,4.530656
ensue,4.530394
quiet,4.530255
vocal,4.529568
brawn,4.528770
pence,4.528575
order,4.528343
batch,4.528256
prowl,4.528055
belch,4.527569
trust,4.527109
blond,4.526501
heath,4.526040
blaze,4.525793
derby,4.525269
gusto,4.523491
gamut,4.522877
savoy,4.521474
humor,4.521240
logic,4.520838
afoul,4.520531
exist,4.520500
yacht,4.520263
sleek,4.520094
women,4.518558
crimp,4.518158
drink,4.517453
pouty,4.517163
snaky,4.516533
shift,4.516518
inner,4.516139
group,4.515708
nasal,4.515589
feign,4.515489
datum,4.514206
quart,4.512855
duvet,4.512755
moose,4.510603
midge,4.509742
greed,4.509155
cress,4.508010
retry,4.507892
truck,4.506973
whirl,4.506403
spank,4.505703
throw,4.504650
frank,4.503111
vegan,4.502511
doing,4.501819
roger,4.501663
elude,4.501211
nudge,4.500564
above,4.496908
tithe,4.496636
thong,4.496423
briar,4.495729
hence,4.495474
ratty,4.495420
salad,4.493847
vague,4.492782
ebony,4.492723
goose,4.489707
brush,4.489113
blind,4.488482
color,4.487861
drown,4.486546
trump,4.484989
guild,4.484307
ovary,4.483580
valid,4.483480
plush,4.483419
bigot,4.482896
flume,4.482784
lucid,4.482748
sigma,4.482556
apple,4.482178
joist,4.481521
stool,4.481468
madly,4.480972
spicy,4.478961
syrup,4.478133
tutor,4.478010
apnea,4.477505
omega,4.477375
femur,4.477199
theta,4.477097
quite,4.476643
mouth,4.476206
mango,4.476041
cello,4.475593
still,4.475417
segue,4.475297
aping,4.475277
light,4.474976
medic,4.474786
posse,4.474139
sever,4.473219
deuce,4.470053
bravo,4.470010
minty,4.469770
legal,4.468396
tough,4.466274
breed,4.465891
shall,4.465476
prior,4.465327
lasso,4.464506
tweak,4.463913
alarm,4.463880
birch,4.462209
clink,4.461080
lanky,4.460417
pound,4.460324
video,4.460157
quote,4.459441
armor,4.459426
bench,4.458738
thrum,4.457148
hound,4.457061
sauna,4.456756
input,4.456490
scrum,4.456310
chalk,4.454940
badly,4.454586
slunk,4.454189
octet,4.453775
stint,4.451585
optic,4.450855
admin,4.450677
bring,4.449788
shell,4.449690
handy,4.447880
shrug,4.447684
totem,4.447514
youth,4.447188
purer,4.446227
growl,4.446052
clown,4.444547
eying,4.444374
thing,4.444319
gorge,4.443314
merge,4.442914
ditch,4.442593
polka,4.441122
spawn,4.441056
doubt,4.441032
pitch,4.439593
blank,4.438307
creek,4.436566
carry,4.434178
scamp,4.433135
renew,4.433069
knave,4.432629
scowl,4.432443
stick,4.432008
stock,4.431718
crowd,4.431688
zonal,4.431220
brisk,4.429290
favor,4.428823
sorry,4.427562
stomp,4.427358
build,4.427342
droll,4.425595
fetch,4.424442
ghoul,4.423641
lunch,4.423314
among,4.422539
drool,4.422517
covey,4.421333
etude,4.420477
morph,4.419984
bonus,4.419937
burly,4.419904
smirk,4.417879
class,4.417057
filth,4.416980
perky,4.416674
given,4.415616
leech,4.414768
rally,4.414241
local,4.412834
stung,4.412788
sheep,4.412394
diode,4.412349
below,4.411666
sally,4.411473
arbor,4.410166
tying,4.409884
drill,4.408681
welch,4.408600
heavy,4.408548
tally,4.407830
piper,4.407549
cache,4.404528
joint,4.404332
watch,4.404138
troop,4.403339
revel,4.400911
recur,4.400565
bribe,4.400522
strut,4.400175
silky,4.399554
dress,4.399024
sieve,4.398536
minus,4.398193
friar,4.398144
prick,4.396551
obese,4.393574
flask,4.392220
tenth,4.391832
lofty,4.391302
harsh,4.390537
twang,4.388568
shack,4.387969
wagon,4.387898
slash,4.387687
newly,4.386458
grimy,4.385249
press,4.384853
cumin,4.384053
fancy,4.383592
human,4.382342
ruder,4.382200
theme,4.380818
mound,4.380259
pixel,4.379306
phony,4.378984
nobly,4.378933
think,4.378425
spell,4.376782
extol,4.375275
brink,4.373103
circa,4.373070
speed,4.372779
pivot,4.372184
canon,4.370060
lever,4.368247
macho,4.368219
woman,4.366493
aroma,4.366161
quest,4.366143
tacky,4.365148
reedy,4.364323
study,4.363696
wrong,4.362661
freed,4.362464
dingo,4.359358
blush,4.359296
dusty,4.358410
grown,4.357975
pinch,4.357496
libel,4.357392
risky,4.356975
wooer,4.356679
shaky,4.354230
shrub,4.353761
nerve,4.352116
lorry,4.351514
botch,4.350905
godly,4.350801
scrub,4.350170
adage,4.349542
newer,4.349228
donor,4.349010
stunk,4.348426
hymen,4.348412
wrack,4.348392
shoot,4.347839
knife,4.346939
vigor,4.346825
vowel,4.345838
ledge,4.345832
clung,4.345221
lying,4.345061
tryst,4.343964
motif,4.343371
squat,4.343010
bleed,4.342688
magic,4.342386
slump,4.342084
cross,4.341563
gravy,4.339674
jaunt,4.338740
froze,4.338419
virus,4.337627
sooth,4.336533
bound,4.334830
shown,4.333979
juice,4.333840
fluke,4.333161
night,4.333131
tenet,4.333064
pouch,4.331682
avoid,4.331646
tasty,4.331529
boxer,4.329648
flank,4.328443
frisk,4.328415
vogue,4.327966
ahead,4.326575
motor,4.326452
brown,4.326221
grass,4.325671
hydro,4.325483
gauze,4.325403
balmy,4.325144
begun,4.324336
dozen,4.324203
hello,4.324190
where,4.323698
wring,4.323412
testy,4.323199
mogul,4.322941
small,4.322113
swami,4.321821
exult,4.321769
seven,4.321746
truss,4.321563
kneel,4.321400
imbue,4.320315
beget,4.319660
toxin,4.316928
woken,4.316437
drunk,4.316425
snowy,4.316280
heave,4.316073
speck,4.314964
honor,4.314925
mocha,4.314642
seedy,4.313909
stout,4.313711
scuba,4.313246
black,4.311961
smell,4.311849
unfit,4.310675
fence,4.310332
sooty,4.309652
vomit,4.309302
pasta,4.308858
loyal,4.307743
dryer,4.306880
crazy,4.306782
crump,4.305219
zebra,4.304841
aphid,4.304669
bayou,4.304050
grill,4.303920
rower,4.303605
alloy,4.303195
axion,4.301698
smack,4.300897
parry,4.300831
venom,4.300340
enema,4.300167
amply,4.299304
would,4.298310
major,4.297596
mangy,4.296968
agape,4.296270
weigh,4.294756
wreck,4.294024
dimly,4.293466
gaudy,4.292109
ivory,4.290862
pithy,4.289260
eerie,4.289239
askew,4.289132
gauge,4.288959
foamy,4.288046
musty,4.286938
defer,4.286891
equal,4.285580
music,4.283473
moldy,4.283336
bleep,4.281581
gusty,4.281243
album,4.280688
lilac,4.280282
brass,4.280279
unfed,4.278715
elbow,4.277437
banal,4.276473
colon,4.276449
robot,4.276405
budge,4.272064
radii,4.270519
never,4.269670
brick,4.268876
hefty,4.265645
woven,4.265606
basal,4.264500
cough,4.263558
detox,4.263520
harry,4.262983
wordy,4.262811
await,4.262253
forum,4.261304
dowry,4.261298
seize,4.261091
rumba,4.261032
whelp,4.259465
fluid,4.258951
joust,4.258190
endow,4.258099
dutch,4.255485
ought,4.252416
stash,4.252172
flush,4.251810
rigor,4.250603
revue,4.250288
bible,4.249922
catty,4.249361
swift,4.249085
fella,4.248605
quail,4.247316
rocky,4.246985
cacti,4.246665
champ,4.242221
quilt,4.239919
borax,4.238821
fatal,4.238774
arrow,4.238387
helix,4.238103
unwed,4.237476
sloop,4.237268
climb,4.236456
truth,4.235601
dogma,4.234019
frown,4.233757
aglow,4.233731
butte,4.233055
stunt,4.232824
found,4.231874
iliac,4.231614
dross,4.228794
odder,4.228768
rover,4.228443
oxide,4.227208
using,4.226148
rarer,4.226026
stuck,4.225213
gipsy,4.225065
boost,4.224244
issue,4.224241
blink,4.223388
attic,4.222815
privy,4.221208
taboo,4.220230
limbo,4.216790
glass,4.215961
marry,4.215627
spool,4.215406
spill,4.214168
silly,4.213239
thick,4.212104
stump,4.211508
empty,4.211131
bingo,4.209541
merry,4.208894
sense,4.204957
topaz,4.204078
waxen,4.203521
river,4.203504
flack,4.202814
young,4.201715
havoc,4.201191
wound,4.200127
shock,4.199979
drama,4.199810
slosh,4.197935
mania,4.197788
sulky,4.196610
umbra,4.196499
wharf,4.193084
evade,4.192701
wheel,4.191032
fixer,4.190501
fling,4.189358
pesky,4.188753
eking,4.188612
flail,4.188273
cabal,4.187989
moron,4.187633
frock,4.184703
again,4.184570
envoy,4.184300
essay,4.183066
snuck,4.182213
annul,4.182164
mulch,4.181805
tweed,4.180134
punch,4.180130
rowdy,4.178187
dwarf,4.178001
stood,4.176160
dough,4.175854
witch,4.173546
gecko,4.172387
fudge,4.170034
crumb,4.169409
gooey,4.168373
gulch,4.168295
blown,4.167831
coach,4.166974
swell,4.165784
might,4.163090
focus,4.162892
koala,4.162706
berry,4.161303
valve,4.160128
dingy,4.159493
vapid,4.156811
swing,4.156479
verge,4.156017
frill,4.155969
fleck,4.155308
floor,4.152980
zesty,4.151235
opium,4.150736
cycle,4.149773
quota,4.148352
showy,4.147982
clump,4.147811
swamp,4.141646
elegy,4.141328
plunk,4.140147
bless,4.135849
afoot,4.134120
adapt,4.130771
ditto,4.129603
itchy,4.127125
delve,4.125861
gross,4.125238
edify,4.124448
finch,4.124255
vinyl,4.124196
canny,4.124137
block,4.121958
patty,4.119454
needy,4.118769
sweep,4.117410
venue,4.117324
gouge,4.115646
stoop,4.115228
butch,4.114679
wrung,4.113463
catch,4.112376
dying,4.110680
joker,4.110160
sixth,4.109501
debug,4.108254
width,4.107829
flaky,4.106902
dally,4.105804
event,4.104988
smock,4.103705
annoy,4.103456
pique,4.103171
petty,4.102735
spoon,4.102177
toxic,4.101118
droop,4.100471
exile,4.099064
munch,4.098534
ember,4.097962
winch,4.097862
conic,4.097344
ficus,4.097342
mecca,4.096624
sixty,4.095211
chill,4.093330
blimp,4.092570
krill,4.091848
aloof,4.091499
snoop,4.087369
larva,4.086665
spunk,4.085422
downy,4.085176
weave,4.083902
query,4.082770
exert,4.082121
hedge,4.078806
druid,4.076760
spiky,4.076480
rumor,4.076407
whiny,4.076400
udder,4.074781
avail,4.073980
upper,4.073840
limit,4.073692
curvy,4.068546
quasi,4.067419
index,4.067413
idiot,4.067299
flown,4.066534
usual,4.064151
humid,4.061882
junta,4.058749
award,4.057649
ferry,4.054862
dodge,4.053958
amiss,4.049738
bunch,4.049415
fritz,4.047449
quake,4.046402
tibia,4.043444
imply,4.042352
crack,4.042011
augur,4.040754
basis,4.040250
pluck,4.037584
bough,4.033742
brood,4.032214
quash,4.030473
hatch,4.029943
chess,4.029570
beech,4.029193
thump,4.026673
owing,4.024710
gloss,4.019596
smoky,4.018366
kneed,4.017928
curry,4.017717
unify,4.015643
fewer,4.015572
filmy,4.014470
sully,4.011405
flock,4.009434
flick,4.007701
pagan,4.007152
pushy,4.006551
fight,4.006451
union,4.003405
twist,4.002732
bylaw,4.001329
furor,4.001279
swill,4.000140
allow,3.999916
crook,3.999318
shuck,3.999150
batty,3.996016
pubic,3.994306
milky,3.993872
alibi,3.993457
waltz,3.991925
pinky,3.988432
abbot,3.987908
vouch,3.986240
parka,3.984502
slush,3.984389
blitz,3.983963
ionic,3.983889
proxy,3.982923
flung,3.982334
modem,3.978605
cheek,3.978194
bevel,3.977860
wight,3.977636
windy,3.977357
bliss,3.976249
fishy,3.975850
awful,3.974705
guess,3.974399
axiom,3.974284
awake,3.973172
skill,3.972675
roomy,3.972287
avian,3.971243
condo,3.969251
ninth,3.967422
rugby,3.966884
enemy,3.965748
undue,3.964780
junto,3.964517
penny,3.962408
wispy,3.962398
teddy,3.961179
squad,3.959554
razor,3.958532
queer,3.956689
occur,3.954854
belly,3.954486
rotor,3.954193
folio,3.952089
dolly,3.951757
teeth,3.951162
lumpy,3.950695
gassy,3.950380
tepee,3.950189
ennui,3.949503
gaffe,3.947259
smash,3.946453
naval,3.945966
chunk,3.943989
mushy,3.939600
offer,3.937910
sappy,3.933314
fever,3.933057
murky,3.932904
rabbi,3.932422
swung,3.932144
abbey,3.930481
glyph,3.923985
photo,3.923669
error,3.923037
groom,3.922160
skimp,3.922124
ditty,3.920337
scoop,3.920278
array,3.919500
theft,3.915118
awash,3.914848
belle,3.914392
qualm,3.913936
alpha,3.912876
freer,3.911180
every,3.910803
holly,3.910158
banjo,3.908647
vixen,3.907455
dilly,3.906763
radar,3.905575
booth,3.905434
enjoy,3.904534
penne,3.903424
quoth,3.903383
fauna,3.903092
dandy,3.902378
chili,3.896202
flunk,3.896096
comfy,3.895167
loopy,3.895084
swoon,3.894899
sunny,3.894809
clack,3.894772
lucky,3.893061
fatty,3.892045
melee,3.888300
conch,3.885435
worry,3.885078
bushy,3.883566
going,3.883311
blood,3.883304
coyly,3.883215
quark,3.883075
thumb,3.882188
booty,3.877397
broom,3.872319
outdo,3.870443
hilly,3.868722
staff,3.867695
nylon,3.867350
golly,3.866345
pupil,3.865594
spasm,3.865061
salsa,3.863778
geese,3.862077
dwell,3.861413
whisk,3.860915
floss,3.858049
proof,3.857971
hurry,3.857535
plumb,3.852234
duchy,3.851064
karma,3.848166
crock,3.847520
aging,3.844504
bawdy,3.844010
knoll,3.841472
rigid,3.840451
wedge,3.840270
fungi,3.839550
villa,3.838830
annex,3.838637
crick,3.836493
picky,3.834057
gayly,3.831263
whack,3.830372
chump,3.827461
icily,3.825264
digit,3.825050
toddy,3.824713
comma,3.824247
apply,3.822165
vodka,3.817525
nutty,3.815959
dryly,3.814749
manga,3.814207
axial,3.814192
hitch,3.811816
dusky,3.808034
cinch,3.806739
queen,3.805893
ozone,3.803387
caddy,3.802526
refer,3.801959
equip,3.800201
pooch,3.799507
swash,3.798307
leggy,3.797788
igloo,3.796251
tabby,3.795870
visit,3.794028
epoxy,3.793723
husky,3.793131
lymph,3.792884
bitty,3.790580
tight,3.789603
amaze,3.787026
hunky,3.786901
gloom,3.785092
mossy,3.784970
wacky,3.783839
timid,3.782513
tweet,3.781794
couch,3.781003
howdy,3.775767
outgo,3.774382
lipid,3.772804
jerky,3.771734
comic,3.770417
excel,3.769950
judge,3.768642
flood,3.765859
billy,3.764118
blurb,3.763561
pudgy,3.762282
fanny,3.760770
skull,3.758827
kiosk,3.755709
brook,3.755266
weedy,3.754307
embed,3.754239
eject,3.751528
wooly,3.751375
uncut,3.751368
missy,3.747805
bezel,3.747043
vying,3.746189
bulky,3.744274
shook,3.738350
musky,3.729462
bossy,3.726897
forgo,3.722180
bloom,3.722080
mafia,3.721211
quirk,3.718398
soggy,3.718053
dumpy,3.717729
evoke,3.715453
sushi,3.710951
dully,3.710926
thigh,3.706183
gumbo,3.704912
usurp,3.704423
putty,3.703408
offal,3.699137
folly,3.698405
clock,3.697039
click,3.692173
shyly,3.688743
juicy,3.686080
polyp,3.685409
taffy,3.684352
cynic,3.683381
rajah,3.682512
fjord,3.678370
stiff,3.677604
allay,3.672289
idyll,3.664672
paddy,3.663054
geeky,3.662176
expel,3.661461
furry,3.657526
witty,3.656172
civil,3.654639
beefy,3.653836
nymph,3.652765
spook,3.651642
wimpy,3.650333
myrrh,3.647634
filly,3.647263
kebab,3.646585
gawky,3.645058
sniff,3.644334
cacao,3.643954
swoop,3.637901
willy,3.630809
hutch,3.630136
abyss,3.630128
level,3.626581
kitty,3.625742
ruddy,3.625346
undid,3.622456
gully,3.620151
lowly,3.618412
lupus,3.618236
bosom,3.615594
spoof,3.611404
cliff,3.611190
goody,3.607927
tooth,3.607628
swish,3.606773
hussy,3.604227
cabby,3.602719
moody,3.598503
pixie,3.597055
knack,3.595762
bongo,3.595559
juror,3.594972
oddly,3.592363
squib,3.589560
inbox,3.586149
hippo,3.584314
quell,3.584003
savvy,3.583895
happy,3.580458
funky,3.571314
fugue,3.570969
booze,3.569456
macaw,3.568289
verve,3.567547
idiom,3.566299
papal,3.562785
skulk,3.561660
hunch,3.560872
mambo,3.557380
bully,3.556494
jewel,3.556458
mucky,3.556176
tatty,3.554334
quack,3.552368
lobby,3.552242
wryly,3.549506
unzip,3.543867
llama,3.543128
icing,3.534662
emcee,3.530148
plaza,3.528942
aback,3.512543
cocoa,3.512088
pulpy,3.511145
onion,3.505791
ovoid,3.503213
cubic,3.492956
chaff,3.492736
scoff,3.484472
fifth,3.483574
guava,3.480968
cluck,3.476030
check,3.469207
livid,3.468868
jetty,3.468351
fifty,3.462026
khaki,3.461019
stuff,3.458378
skunk,3.454977
fully,3.452430
jelly,3.447840
plump,3.443298
amass,3.439272
bunny,3.437958
dodgy,3.437587
assay,3.435756
baggy,3.435353
woody,3.425895
snuff,3.420622
quill,3.420395
knock,3.416784
vigil,3.408560
motto,3.401450
fussy,3.386316
quick,3.386248
mucus,3.383257
sassy,3.381571
widow,3.376257
hippy,3.376243
goofy,3.371610
giddy,3.364161
whoop,3.361971
chock,3.351386
gruff,3.338104
piggy,3.333029
funny,3.332564
chick,3.329323
biddy,3.328468
nanny,3.320814
ninja,3.317532
which,3.307933
buxom,3.302559
humus,3.301213
kinky,3.300122
jolly,3.297605
hobby,3.281986
slyly,3.245364
femme,3.241721
dowdy,3.219551
maxim,3.218471
gypsy,3.206050
sissy,3.173002
muddy,3.168743
madam,3.168047
foggy,3.165267
dummy,3.162717
skiff,3.159694
known,3.152879
jumbo,3.143050
twixt,3.133210
chuck,3.127683
buddy,3.126451
bluff,3.124748
guppy,3.112407
humph,3.100366
ninny,3.084897
gummy,3.069768
jumpy,3.058014
shush,3.041877
pizza,3.037742
daddy,3.026273
minim,3.020286
buggy,3.012152
queue,3.007351
gamma,2.993198
magma,2.982029
boozy,2.964732
puffy,2.938648
kayak,2.928371
whiff,2.910787
mammy,2.897171
booby,2.894381
affix,2.870025
kappa,2.841289
woozy,2.835856
pygmy,2.834685
mimic,2.820223
poppy,2.809871
dizzy,2.760455
civic,2.676718
bobby,2.606654
fluff,2.564009
puppy,2.560618
vivid,2.527852
jiffy,2.507263
fizzy,2.506047
mummy,2.480192
mamma,2.398164
jazzy,2.308792
fuzzy,2.304360
